Nº RGSEAA (*),Razón Social,Provincia/Localidad,Actividades,Especies (**),Otros Detalles,TSE Feed Ban
10.00005/TE,"CENTELLES LORENZ, ALEJANDRO",Teruel/IGLESUELA DEL CID (LA),PP,,MP,
10.00025/TE,"JAMONES MANZANERA, S.L.",Teruel/MANZANERA,"RW, PP",,MP,
10.00028/TE,"SECADERO JAMONES JUAN GARGALLO, S.L.",Teruel/VENTA DEL AIRE,PP,,MP,
10.00048/TE,"TUROTRANS, S.A",Teruel/SANTA EULALIA,"SH, CP, PP",A,MP,
10.00100/TE,JAMONES Y CECINAS R.DOMINGO S.L,Teruel/IGLESUELA DEL CID (LA),PP,,MP,
10.00102/TE,"DAUDEN ZAERA, ABEL .",Teruel/FORTANETE,PP,,MP,
10.00119/TE,GARGALLO MORA S.L.,Teruel/MORA DE RUBIELOS,"RW, PP",,MP,
10.00167/TE,"AL-ANDALUS TRADITION TIRWAL, SL",Teruel/CANTAVIEJA,"RW, PP",,MP,
10.00184/TE,JAMONES DE ARAGON S.L.,Teruel/TERUEL,PP,,MP,
10.00246/Z,JAMONES EUTIQUIO S.L.,Zaragoza/CUARTE DE HUERVA,PP,,MP,
10.00249/TE,"JAMONES EL RULLO, S.L",Teruel/VILLARLUENGO,PP,,MP,
10.00315/Z,"MARIANO GOMEZ,S.A.",Zaragoza/CUARTE DE HUERVA,PP,,MP,
10.00363/TE,"JAMONES ARTEMIO, S.A",Teruel/EJULVE,PP,,MP,
10.00370/TE,"JAMONES CASA CONEJOS, S.A.",Teruel/CEDRILLAS,"RW, PP",,MP,
10.00488/Z,JAMONES SANCHEZ GONZALEZ S.L,Zaragoza/CARTUJA BAJA,"RW, PP",,MP,
10.00493/Z,"ANTONIO MORENO SINUES, S.A",Zaragoza/MONTAÑANA,"SH, CP",A,,
10.00890/Z,"GONZALEZ Y ROMERO AGROCARNE,S.L",Zaragoza/ARIZA,"CP, MM, MP, PP",,MP,
10.01016/TE,JOSE ANTONIO SANCHEZ JUAN,Teruel/MONREAL DEL CAMPO,"SH, CP, MM, MP, PP",P,MP,
10.01269/TE,JAMONES ROQUETA S.L,Teruel/MANZANERA,PP,,MP,
10.01298/TE,FRIGORIFICOS VELILLA S.L,Teruel/ALCAÑIZ,"CP, MM, MP, PP",,MP,
10.01429/TE,JAMONES MATA S.L.U.,Teruel/RUBIELOS DE MORA,"SH, CP, MM, MP, PP",P,MP,
10.01445/TE,JAMONES Y EMBUTIDOS ALTO MIJARES S.L.,Teruel/FORMICHE ALTO,"SH, CP, MM, MP, PP",P,MP,
10.01451/TE,"JAMONES JOSANZ, S.L",Teruel/CEDRILLAS,PP,,MP,
10.01560/Z,ARAGONESA DEL JAMON S.A.,Zaragoza/MUELA (LA),"RW, PP",,MP,
10.02016/Z,ALIAGA UVIEDO S.L.,Zaragoza/CUARTE DE HUERVA,"MM, MP, PP",,MP,
10.02077/TE,MATADERO COMARCAL DE CALAMOCHA SLU,Teruel/CALAMOCHA,"CS, SH, CP, MM, MP","P, B",,
10.02261/Z,COMERCIAL ARAG. DE PROD. ALIMENT. CAPASA,Zaragoza/ZARAGOZA,CP,,,
10.02276/TE,"DON JATE, S.A.",Teruel/TERUEL,"SH, CP, GHE, MM, MP, PP","P, wU, B, C, O, wG",MP,
10.02296/TE,"CARNICAS CORELLA,S.L",Teruel/ALBENTOSA,"SH, CP, MM, MP, PP","P, B, C, O",MP,
10.02380/Z,CÁRNICAS GÁLLEGO S.A.,Zaragoza/VILLANUEVA DE GALLEGO,"CP, MM, MP, PP",,MP,
10.02426/Z,"JAMONES DE ENCINACORBA,S.A.",Zaragoza/ENCINACORBA,"RW, PP",,MP,
10.02430/Z,CALLEJAS CEBOLLADA CECILIO,Zaragoza/EPILA,PP,,MP,
10.02449/HU,"JULIAN MAIRAL, S.L.",Huesca/BARBASTRO,PP,,MP,
10.02453/HU,FRIBIN S.A.T.Nº1269 R.L.,Huesca/BINEFAR,"CS, SH, CP, MM, MP, PP","P, B","MP, ST",
10.02457/Z,"MERCAZARAGOZA,S.A.",Zaragoza/ZARAGOZA,"RW, SH, CP, MM, MP, PP","P, B, C, O, S",MP,
10.02459/Z,"INDUSTRIAS GOMEZ CALLAO, S.L.",Zaragoza/CASPE,"CS, CP",,,
10.02516/TE,"JAMONES VIRGEN DE LA VEGA, S.C",Teruel/ALCALA DE LA SELVA,PP,,MP,
10.02536/HU,PIRENAICA DEL JAMON S.A,Huesca/BARBASTRO,"MM, MP, PP",,MP,
10.02538/TE,"INDUSTRIAS CARNICAS DE MORA, S.A.",Teruel/MORA DE RUBIELOS,RW,,MP,
10.02574/Z,"HERMANOS BERNAL HERNANDEZ, S.L.",Zaragoza/ZARAGOZA,"CP, MM, MP, PP",,MP,
10.02728/HU,EMBUTIDOS AVENTIN S.A.,Huesca/GRAUS,"CP, MM, MP, PP",,MP,
10.02759/HU,"EMBUTIDOS VILLA, S.A.",Huesca/GRAUS,"CS, MM, MP, PP",,MP,
10.02760/HU,"ANDRES FERRER E HIJOS, S.A.",Huesca/HUESCA,"CP, MM, MP, PP",,MP,
10.02824/HU,EMBUTIDOS ARTESANOS MELSA S.L,Huesca/GRAUS,"CP, MM, MP, PP",,MP,
10.02849/HU,C.B.FERNANDO Y ENRIQUE MELER DELMAS,Huesca/FONZ,SH,A,,
10.02936/Z,"EMBUTIDOS LASECA, S.L.",Zaragoza/TARAZONA,"MM, MP, PP",,MP,
10.02970/HU,INTRESPA S.L.,Huesca/BARBASTRO,PP,,ST,
10.03109/TE,JAMONES RAMIRO GUILLEN S.L,Teruel/VILLARROYA DE LOS PINARES,PP,,MP,
10.03221/HU,MERCAFRAGA S.L.,Huesca/FRAGA,"SH, CP, MM, MP, PP","B, C, O",ST,
10.03435/HU,ARTESANA DEL PIRINEO S.L,Huesca/PUEBLA DE CASTRO (LA),"MM, MP, PP",,MP,
10.03568/TE,JAMONES CARBO S.L,Teruel/CAMINREAL,PP,,MP,
10.03624/Z,"INTEGRADORA CUNICOLA ARAGONESA, S.A.",Zaragoza/LECIÑENA,"SH, CP",L,,
10.03660/Z,CARNICAS CALATAYUD S.A,Zaragoza/TORRALBA DE RIBOTA,"CP, MM, MP, PP",,MP,
10.03723/Z,"TRIPAS TURIASO, S.L",Zaragoza/TARAZONA,PP,,"MP, ST",
10.03776/TE,S.A.T. Nº5356 JAMONES LA CEROLLERA,Teruel/CEROLLERA (LA),PP,,MP,
10.03820/TE,JAELCA S.A .,Teruel/TERUEL,"RW, PP",,MP,
10.03843/Z,"ALBACETE Y VICEN, S.L",Zaragoza/CALATAYUD,CP,,,
10.04568/TE,"CARNES DE TERUEL, S.A",Teruel/TERUEL,"CS, SH, CP, PP",P,"MP, ST",
10.04671/HU,"EMBUTIDOS Y JAMONES RIBAGORZA, S.L.",Huesca/BENABARRE,"CS, PP",,MP,
10.04735/HU,"PEREZ PEREZ,MARIA -EMBUTIDOS GARUZ-",Huesca/PUEBLA DE CASTRO (LA),"MM, MP, PP",,MP,
10.04765/Z,"CARNICOS Y EMBUTIDOS ARAGON,S.L.",Zaragoza/CUARTE DE HUERVA,"MM, MP, PP",,MP,
10.05015/Z,SUPERMERCADOS SABECO S.A,Zaragoza/ZARAGOZA,"CS, CP",,,
10.05514/TE,SECAMORA S.A.,Teruel/MORA DE RUBIELOS,"RW, PP",,MP,
10.05631/TE,SECADERO NATURAL TUROLENSE S.L,Teruel/AGUAVIVA,"RW, PP",,MP,
10.05927/Z,AYUNTAMIENTO DE EPILA,Zaragoza/EPILA,SH,"B, C, O",,
10.05960/TE,JAMONES CASA VIEJA S.L.,Teruel/CALAMOCHA,PP,,MP,
10.05970/TE,"INDUSTRIAS CARNICAS DE ELABORACION DE JAMONES Y EMBUTIDOS LOS TRES REYES DE FUENTESPALDA, S.A.",Teruel/VALDERROBRES,"CS, CP, MM, MP, PP",,MP,
10.05974/TE,"ROKELIN, S.L.U.",Teruel/TERUEL,"MM, MP, PP",,MP,
10.05975/Z,INDUSTRIAS CARNICAS CARBONEL S.L.,Zaragoza/MONZALBARBA,"CS, CP",,,
10.06102/Z,JAMONES E.VELAZQUEZ S.A.,Zaragoza/ZARAGOZA,PP,,MP,
10.06244/Z,LASHAL TARAZONA S.L,Zaragoza/TARAZONA,"SH, CP","R, P, B, C, O, S",,
10.06280/HU,"MATADERO DE HUESCA, S.L.",Huesca/HUESCA,"SH, CP","P, B, C, O, S",,
10.06501/HU,CORPORACION ALIMENTARIA DE GUISSONA S.A,Huesca/HUESCA,"RW, CP",,MP,
10.06772/Z,AYUNTAMIENTO DE BUJARALOZ,Zaragoza/BUJARALOZ,SH,"P, B, C, O",,
10.07423/TE,JAMONES CASTELFRIO S.A.L.,Teruel/CEDRILLAS,PP,,MP,
10.07569/TE,"ARAGON MATADERO, SLU",Teruel/MATA DE LOS OLMOS (LA),"CS, SH, CP, PP",P,ST,
10.07573/Z,"LOSTAO BESCOS, JOSE ENRIQUE",Zaragoza/VILLAMAYOR DE GALLEGO,"MM, MP, PP",,MP,
10.07599/TE,ELABORADOS LAS TORRES S.A.,Teruel/TERUEL,"CP, MM, MP, PP",,MP,
10.07688/TE,S.A.T. 6997 - SOINCAR,Teruel/MONROYO,PP,,MP,
10.07789/HU,AYUNTAMIENTO DE SABIÑANIGO,Huesca/SABIÑANIGO,SH,"P, B, C, O, S",,
10.07875/Z,"MONTFOIX, S.L.",Zaragoza/CADRETE,"MM, MP, PP",,MP,
10.07957/Z,"CARNICAS CINCO VILLAS, S.A.U.",Zaragoza/EJEA DE LOS CABALLEROS,"CS, RW, SH, CP, PP",P,ST,
10.07994/TE,"BOTULARIUM, SLU",Teruel/GUADALAVIAR,PP,,MP,
10.08013/TE,JAMONES EL FERIAL S.L,Teruel/CEDRILLAS,"CS, PP",,MP,
10.08014/Z,TRIPAS MANCHON S.L,Zaragoza/CASPE,PP,,ST,
10.08184/TE,"PALETAS MARPA, S.L.",Teruel/VENTA DEL AIRE,"CS, PP",,MP,
10.08231/Z,"JAMONES MARTINEZ MALETA, S.L.",Zaragoza/ZARAGOZA,RW,,MP,
10.08277/Z,"AVES NOBLES Y DERIVADOS, S.L.",Zaragoza/ZARAGOZA,"MM, MP, PP",,MP,
10.08326/TE,AYUNTAMIENTO DE MAS DE LAS MATAS,Teruel/MAS DE LAS MATAS,SH,"C, O",,
10.08494/Z,AYUNTAMIENTO DE ESCATRÓN,Zaragoza/ESCATRON,SH,"C, O",,
10.08520/TE,AYUNTAMIENTO DE SARRION,Teruel/SARRION,SH,"P, C, O",,
10.08561/HU,"ROS BERGUA, S.L.",Huesca/BENABARRE,"CS, MM, MP, PP",,MP,
10.08609/TE,"JAMONES HNOS. VIVAS,SL",Teruel/MORA DE RUBIELOS,RW,,MP,
10.08754/TE,"MATADERO COMARCAL VALDERROBRES, S.L.",Teruel/VALDERROBRES,"SH, PP","P, C, O",ST,
10.08777/TE,"VALVERDE AIRESANO 1929, SLU",Teruel/PUEBLA DE VALVERDE (LA),"RW, PP",,MP,
10.08827/TE,AYUNTAMIENTO DE CALACEITE,Teruel/CALACEITE,SH,"C, O",,
10.08924/TE,SAT 6997 SOINCAR,Teruel/FUENTESPALDA,PP,,MP,
10.08961/TE,AYUNTAMIENTO DE HIJAR,Teruel/HIJAR,SH,"P, C, O",,
10.08964/Z,AYUNTAMIENTO DE LECERA,Zaragoza/LECERA,SH,"P, C, O",,
10.08985/Z,"CASERFRI, S.L.",Zaragoza/ZARAGOZA,CS,,,
10.09149/Z,AYUNTAMIENTO DE NONASPE,Zaragoza/NONASPE,SH,"P, C, O",,
10.09150/Z,AYUNTAMIENTO DE FABARA,Zaragoza/FABARA,SH,"P, C, O",,
10.09165/Z,AYUNTAMIENTO DE FUENTES DE EBRO,Zaragoza/FUENTES DE EBRO,SH,"P, C, O",,
10.09167/Z,AYUNTAMIENTO DE SÁSTAGO,Zaragoza/SASTAGO,SH,"C, O",,
10.09203/HU,"MATADERO DE BELVER , S.C",Huesca/BELVER DE CINCA,"SH, CP, MM, MP, PP","C, O",ST,
10.09204/HU,AYUNTAMIENTO DE AINSA-SOBRARBE,Huesca/AINSA,SH,"B, C, O",,
10.09218/TE,"JAMONES PEÑARROYA, S.L",Teruel/PEÑARROYA DE TASTAVINS,PP,,MP,
10.09230/Z,AYUNTAMIENTO DE TAUSTE,Zaragoza/TAUSTE,SH,"P, B, C, O",,
10.09302/HU,MATADERO OS GRAZ S.L,Huesca/BROTO,SH,"C, O",,
10.09318/HU,AYUNTAMIENTO DE PUENTE DE MONTAÑANA,Huesca/PUENTE DE MONTAÑANA,SH,"C, O",,
10.09321/HU,BALDANA ALIMENTACION Y GASTRONOMIA S.L.,Huesca/CHIA,SH,"C, O",,
10.09323/HU,MODESTO BIELSA S.C.,Huesca/ESCALONA,"SH, CP","P, B, C, O, S",,
10.09328/HU,"BIELSA MUR, JOSÉ LUIS",Huesca/PLAN,SH,"C, O",,
10.09343/Z,"PASTORES GR. COOP. PROD. D CARNE, S.COOP",Zaragoza/ZARAGOZA,"CS, CP, MM, MP, PP",,MP,
10.09417/TE,S.A.T.8403 INDUSTRIALIZACIÓN DEL CONEJO,Teruel/VALDERROBRES,"SH, CP, MM, MP",L,,
10.10035/Z,CARNICAS AGUILERA S.L,Zaragoza/ARIZA,"CS, CP",,,
10.10134/Z,"PELLEVEL, S.L.",Zaragoza/ZARAGOZA,CP,,,
10.10480/HU,PRECOCINADOS ANGEL BOSCH S.L.,Huesca/FRAGA,"MM, MP, PP",,MP,
10.10521/Z,EZQUEGARRI S.L,Zaragoza/BIOTA,PP,,MP,
10.10697/TE,"TERRAIBERICA DESARROLLOS, SL",Teruel/TERUEL,"CP, MM, MP",,,
10.10709/Z,"THE PINK PIG, S.A",Zaragoza/ZUERA,"CS, RW, SH, CP, PP",P,MP,
10.11074/TE,BORRAS EJARQUE JUAN,Teruel/CASTELLOTE,PP,,MP,
10.11289/HU,"EMBUTIDOS VILLA, S.A.",Huesca/GRAUS,"CS, MM, MP, PP",,MP,
10.11685/TE,JAMONES SIERRA PALOMERA S.L,Teruel/MONREAL DEL CAMPO,PP,,MP,
10.12053/Z,LAGUARDIA ALONSO S.L.,Zaragoza/MUELA (LA),"CP, MM, MP",,,
10.12233/TE,CARNICAS ORTIN S.L,Teruel/EJULVE,PP,,MP,
10.12283/TE,JAMONES PASTOR S.L,Teruel/RUBIELOS DE MORA,"CP, MM, MP, PP",,MP,
10.12617/TE,"DELICAZA SIERRA DE ORICHE , S.L.",Teruel/LOSCOS,GHE,"wU, wG",,
10.12850/Z,GUERRERO SEBASTIAN S.L,Zaragoza/ACERED,"MM, MP, PP",,MP,
10.12896/HU,"CÁRNICAS DEL CINCA, S.L.",Huesca/MONZON,"SH, PP","C, O",ST,
10.13055/Z,"HEREDEROS DE PRIMITIVO AZNAR, C.B.",Zaragoza/MUELA (LA),"MM, MP, PP",,MP,
10.13225/TE,SIERRA DE MORA S.L,Teruel/MORA DE RUBIELOS,PP,,MP,
10.13226/TE,INGENIERIA Y SERVICIOS CARNICOS S.L .,Teruel/TERUEL,"RW, CP, PP",,MP,
10.13348/TE,CARNICEROS DEL BAJO ARAGON S.L,Teruel/ALCAÑIZ,SH,"C, O",,
10.13354/Z,"PRIMACARNE, S.L.",Zaragoza/ZUERA,"CS, CP",,,
10.13530/Z,UNION DE POLLEROS DE ARAGON S.L. UPASA,Zaragoza/ZARAGOZA,"CS, CP",,,
10.13920/TE,JAMONES LOS ALCORES S.L,Teruel/ALCORISA,"MM, MP, PP",,MP,
10.14015/Z,EDIFICACIONES RAPIDAS S.L,Zaragoza/AGUARON,"SH, CP",A,,
10.14016/HU,CASA RAMONET DE SIDRO S.L,Huesca/ALCAMPELL,"CP, MM, MP, PP",,MP,
10.14150/HU,"CABRERO E HIJOS, S.A .",Huesca/HUESCA,"CP, MM, MP, PP",,MP,
10.14612/HU,"DERIVADOS CÁRNICOS MONEGROS, S.L",Huesca/SARIÑENA,"CP, MM, MP, PP",,MP,
10.14722/TE,"SERRANO VILLANUEVA, PEDRO",Teruel/BARRACHINA,PP,,MP,
12.02264/Z,DISTRIBUIDORA DE MARISCOS RODRIGUEZ S.A.,Zaragoza/ZARAGOZA,CS,,,
12.03138/Z,"MERCAZARAGOZA, S.A.",Zaragoza/ZARAGOZA,"WM, FFP",,,
12.03893/Z,"FESIA PESCADOS, S.L.",Zaragoza/ZARAGOZA,WM,,,
12.03894/Z,GRUPO SCANFISK SEAFOOD S.A,Zaragoza/ZARAGOZA,WM,,,
12.03895/Z,ASOCIACION DE MAYORISTAS DE PESCADOS,Zaragoza/ZARAGOZA,"WM, FFP",,,
12.03897/Z,PESCADOS CEBRIAN S.A.,Zaragoza/ZARAGOZA,WM,,,
12.03973/Z,PESCADOS CANTIN S.L.,Zaragoza/ZARAGOZA,WM,,,
12.04213/Z,"PESCADOS HORBA, S.A.",Zaragoza/ZARAGOZA,WM,,,
12.04264/Z,DISTRIBUIDORA MARISCOS RODRIGUEZ S.A.,Zaragoza/ZARAGOZA,WM,,,
12.04309/Z,"ALIMENTOS CONGELADOS ARAGONESES Y PESCADOS, S.A.",Zaragoza/ZARAGOZA,WM,,,
12.05033/HU,PESCADOS Y CONSERVAS SANTO DOMINGO S.L.,Huesca/HUESCA,"PP, FFP",,,
12.06108/Z,"CONGELADOS SAN EMETERIO, S.L.",Zaragoza/PEDROLA,PP,,,
12.07536/Z,"SCANFISK SEAFOOD, S.L",Zaragoza/ZARAGOZA,"RW, PP, FFP",,,
14.00036/Z,GRANJA BAILON S.L,Zaragoza/ALMUNIA DE DOÑA GODINA (LA),EPC,,,
14.00253/Z,"GRANJA VIRGEN DEL ROSARIO, S.L.",Zaragoza/VILLARREAL DE HUERVA,EPC,,,
14.00330/Z,"HERMANOS GRACIA ALONSO, S.L.",Zaragoza/CASPE,EPC,,,
14.00430/Z,"AVÍCOLA LA VENTA, S.L",Zaragoza/GODOJOS,EPC,,,
14.00584/HU,GRANJA BETRAN S.C,Huesca/JACA,EPC,,,
14.00635/HU,"GRANJA DEL ALTO ARAGON, S.A.",Huesca/CASTIELLO DE JACA,EPC,,,
14.00722/TE,EXPLOTACIONES AGROPECUARIAS EL PASTOR S.,Teruel/ALBALATE DEL ARZOBISPO,EPC,,,
14.00768/Z,"GARCIA MAINAR, JOSE ANTONIO",Zaragoza/DAROCA,EPC,,,
14.00769/Z,GRANJA BAILON S.L,Zaragoza/RICLA,EPC,,,
14.00794/Z,"HUEVOS SAN PASCUAL, S.L.",Zaragoza/MALUENDA,EPC,,,
14.00848/Z,GRANJAS AYLON S.L,Zaragoza/FUENTES DE JILOCA,EPC,,,
14.00933/TE,GRANJA AVICOLA LAGUNAS S.L.,Teruel/SAMPER DE CALANDA,EPC,,,
14.00961/TE,HERMANOS ANTOLI GIMENO S.C,Teruel/FRESNEDA (LA),EPC,,,
14.01024/Z,DAGU S.A.,Zaragoza/PUEBLA DE ALFINDEN (LA),CS,,,
14.01334/Z,"CODORNICES VILLAGRASA, S.L.",Zaragoza/BUJARALOZ,EPC,,,
15.00834/TE,HNOS.IGADO ORCAL,Teruel/SAMPER DE CALANDA,PP,,,
15.00977/TE,"FANBAR, S.L.",Teruel/SAMPER DE CALANDA,PP,,,
15.01166/TE,QUESOS SARDON S.L,Teruel/SAMPER DE CALANDA,PP,,,
15.01217/Z,"VILLACORONA, S.A.",Zaragoza/BURGO DE EBRO (EL),"CS, PP, CC",,,
15.01342/TE,QUESOS ARTESANOS LOS SANTANALES S.L.L.,Teruel/EJULVE,PP,,,
15.01476/TE,"QUESEROS ARTESANOS DE TRONCHON, S.L.",Teruel/TRONCHON,PP,,,
15.01734/Z,TGT EBRO S.A.,Zaragoza/ZARAGOZA,CS,,,
15.01820/HU,"VILLA VILLERA, S.L.",Huesca/SIESO DE HUESCA,PP,,,
15.01830/Z,TENA ALTABAS HNOS C.B,Zaragoza/CASPE,"CS, PP",,,
15.01849/TE,"ZARICHE TERUEL, SL",Teruel/CELADAS,PP,,,
15.02435/Z,QUESOS LA PARDINA S.L.,Zaragoza/ZARAGOZA,PP,,,
15.02524/HU,EL BENASQUES S.C.,Huesca/SAHUN,PP,,,
15.02525/HU,"QUESOS BENABARRE, S.L.",Huesca/BENABARRE,PP,,,
15.02589/TE,ANDREU GIL JOSE ALFREDO,Teruel/PEÑARROYA DE TASTAVINS,PP,,,
15.02859/HU,PERNA DE MUR MªDEL CARMEN,Huesca/SENZ,PP,,,
26.00380/HU,PASA FABRICACION S.L.U.,Huesca/BALLOBAR,PP,,MP,
26.03740/HU,PRECOCINADOS ANGEL BOSCH S.L.,Huesca/FRAGA,PP,,MP,
40.00847/Z,SUCESORES DE FERNANDO CALAVIA S.A.,Zaragoza/TARAZONA,CS,,,
40.00875/Z,JULIO QUILEZ QUILEZ,Zaragoza/CARTUJA BAJA,CS,,,
40.00895/Z,"MARESMAR, S.L.",Zaragoza/ZARAGOZA,CS,,,
40.00955/TE,COALIMENT ARAGON S.A.,Teruel/TERUEL,CS,,,
40.01021/HU,"CABRERO E HIJOS, S.A.",Huesca/HUESCA,CS,,,
40.01140/Z,COMERCIAL ARAG. DE PROD. ALIMENT.,Zaragoza/ZARAGOZA,"CS, RW",,,
40.01279/Z,COLONIALES GOMEZ S.L.,Zaragoza/ZARAGOZA,WM,,,
40.01576/HU,"JAMONES ARNAL, S.L.",Huesca/BARBASTRO,"CS, RW",,,
40.01640/Z,ALBERTO POLO DISTRIBUCIONES S.A.,Zaragoza/ZARAGOZA,CS,,,
40.01648/HU,"JULIAN MAIRAL, S.L.",Huesca/BARBASTRO,CS,,,
40.01690/Z,CHARCUTERIA MARIANO MUÑIO S-L,Zaragoza/PUEBLA DE ALFINDEN (LA),CS,,,
40.01775/TE,FRIGORIFICOS LA PERLA S.L,Teruel/TERUEL,"CS, RW",,,
40.01776/Z,"FRIGORIFICOS ZARAGOZA, S.A.",Zaragoza/ZARAGOZA,CS,,,
40.01806/TE,"COLONIALES ALCAÑIZ, S.A.",Teruel/ALCAÑIZ,CS,,,
40.01927/Z,BESANSA ALIMENTACIÓN 1934 SL,Zaragoza/CALATAYUD,CS,,,
40.01996/Z,"QUALIANZA SERVICIOS INTEGRALES DE DISTRIBUCIÓN, S.L.",Zaragoza/MUELA (LA),CS,,,
40.01997/HU,"JOSE LUIS ARBUES, S.L",Huesca/BARBASTRO,CS,,,
40.02035/Z,FRAKO ALIMENTACION S.L,Zaragoza/ZARAGOZA,CS,,,
40.02051/Z,"INDUSTRIAS MARJO, S.L.",Zaragoza/ZARAGOZA,CS,,,
40.02082/Z,"MORCILLO PASCUAL, JOSÉ ANTONIO",Zaragoza/ZARAGOZA,CS,,,
40.02127/HU,"CABRERO E HIJOS, S.A.",Huesca/JACA,CS,,,
40.02128/Z,"PELLEVEL, S.L.",Zaragoza/ZARAGOZA,CS,,,
40.02320/Z,"SANCHEZ ARAGONESA DE DISTRIBUCIONES,S.A.",Zaragoza/CARTUJA BAJA,CS,,,
40.02825/Z,"AGUSTIN ALBACETE, S.A.",Zaragoza/BORJA,CS,,,
40.02828/HU,"COMERCIAL PINAMAS, S.L.",Huesca/PUEBLA DE CASTRO (LA),"CS, RW",,,
40.03428/Z,SUCESORES DE BACALAOS NORDICOS S.L.,Zaragoza/MUELA (LA),CS,,,
40.03452/Z,SANZ CARCAS SERGIO,Zaragoza/ZARAGOZA,CS,,,
40.03579/HU,PANZANO DISTRIBUCIONES CARNICAS S.L.,Huesca/HUESCA,CS,,,
40.03877/HU,"BUENAVENTURA BORRAS, S.A.",Huesca/HUESCA,CS,,,
40.04381/Z,"DISTRIBUCIONES TAUSTE, S. L.",Zaragoza/TAUSTE,"CS, RW",,,
40.05476/Z,"BEBINTER, S.A.",Zaragoza/ZARAGOZA,CS,,,
40.06099/HU,ALFREDO SOLANO RIVERA Y OTRO C.B.,Huesca/BARBASTRO,CS,,,
40.06172/Z,DISTRIBUCIONES Y REPRESENTACIONES USIETO,Zaragoza/ZARAGOZA,CS,,,
40.06349/Z,"DISTRIBUCIONES RODRIGO, S.A.",Zaragoza/ZARAGOZA,"CS, RW",,,
40.06481/HU,LA CORUÑESA S.A.,Huesca/HUESCA,"CS, RW",,,
40.06490/Z,"ARAGONESA DE PIENSOS, S.A.",Zaragoza/UTEBO,CS,,,
40.06509/Z,CONPOL S.L.,Zaragoza/ZUERA,CS,,,
40.06566/Z,"ASO BENITO, SL",Zaragoza/ZARAGOZA,CS,,,
40.06833/Z,SUCESORES AGUSTIN PLA S.L.,Zaragoza/MARIA DE HUERVA,CS,,,
40.06927/Z,"PESCADOS MAÑERO, S.L.",Zaragoza/TARAZONA,"CS, RW",,,
40.06943/Z,"GUSSTO GASTROCLUB, S.L.",Zaragoza/ZARAGOZA,CS,,,
40.06964/Z,MAKRO AUTOSERVICIO MAYORISTA S.A.,Zaragoza/ZARAGOZA,"CS, RW",,,
40.07121/Z,"COMERCIAL GARIJO, S.L.",Zaragoza/ZARAGOZA,"CS, RW",,,
40.07209/Z,SUCESORES DE FELIPE ARANDA S.L.,Zaragoza/CALATAYUD,CS,,,
40.07292/Z,FRIGORIFICOS BILBILITANOS S.L,Zaragoza/CALATAYUD,"CS, RW",,,
40.07387/Z,EXCLUSIVAS SAMPER S.L.,Zaragoza/EJEA DE LOS CABALLEROS,CS,,,
40.07465/Z,"CORTES LACTEO INDUSTRIAL, S.L.",Zaragoza/UTEBO,CS,,,
40.07519/Z,ALIMENTARIA HERMANOS OLIVAS S.L.,Zaragoza/CALATAYUD,CS,,,
40.07794/TE,"ENCABO BAJO ARAGON, S.A.",Teruel/ALCAÑIZ,CS,,,
40.07892/Z,"CASERFRI, S.L.",Zaragoza/ZARAGOZA,CS,,,
40.08059/Z,"EMBUTIDOS LASECA, S.L.",Zaragoza/TARAZONA,CS,,,
40.08076/Z,"IGAL MIÑES, ANGEL",Zaragoza/NOVILLAS,CS,,,
40.08255/HU,"CONGELADOS CONBI, S.L.",Huesca/BINEFAR,CS,,,
40.08395/Z,"FREEZEMAR DISTRIBUCIONES, SLL",Zaragoza/ZARAGOZA,CS,,,
40.08410/HU,CONYPREL S.A.L.,Huesca/JACA,CS,,,
40.08477/Z,"MONTORI Y BARRANCO, S.L.",Zaragoza/ZARAGOZA,"CS, RW",,,
40.08613/Z,"TRANSPORTES J. CARBO, S.L.",Zaragoza/PUEBLA DE ALFINDEN (LA),CS,,,
40.08721/Z,"EXCLUSIVAS JESAN, S.L.",Zaragoza/CALATAYUD,CS,,,
40.08869/Z,COALIMENT ARAGON S.A.U.,Zaragoza/ZARAGOZA,CS,,,
40.08990/HU,CABRERO E HIJOS S.A,Huesca/BARBASTRO,CS,,,
40.08991/Z,D.S.ALIMENTACION S.L,Zaragoza/ZARAGOZA,CS,,,
40.08992/HU,"DISTRIBUCIONES J. BLASCO, S.L",Huesca/HUESCA,CS,,,
40.08995/Z,ARAGON ALIMENTOS S.L,Zaragoza/ZARAGOZA,CS,,,
40.09106/HU,"CONGELADOS DEL PIRINEO, S.L.",Huesca/BARBASTRO,CS,,,
40.09107/HU,"DISTRIBUCIONES CORREAS, S.L",Huesca/HUESCA,CS,,,
40.09180/Z,"COMERCIAL RUCRES, S.L",Zaragoza/PUEBLA DE ALFINDEN (LA),CS,,,
40.09297/Z,"PRODUCTOS SELECTOS CAPABLO, SL",Zaragoza/CARTUJA BAJA,"CS, RW",,,
40.09382/Z,HERMANOS REZUSTA S.L,Zaragoza/ZARAGOZA,CS,,,
40.09436/Z,GRUPO 92 DE ALIMENTACION S.L.,Zaragoza/ZUERA,CS,,,
40.09441/Z,ARCOS GIMENO S.L,Zaragoza/ZARAGOZA,CS,,,
40.09480/Z,7 ALIMENTACION 7 S.A.U.,Zaragoza/ZUERA,CS,,,
40.09562/TE,CONPOL S.L,Teruel/TERUEL,CS,,,
40.09703/Z,"EXCLUSIVAS ZARAGOZA, S.L.",Zaragoza/ZARAGOZA,CS,,,
40.09815/Z,"CARNICAS CALATAYUD, S.A",Zaragoza/TORRALBA DE RIBOTA,CS,,,
40.09869/Z,"GRACIA GOEZ, SL",Zaragoza/ZARAGOZA,CS,,,
40.09889/HU,PESCADERIAS SAN SEBASTIAN S.L.U.,Huesca/SABIÑANIGO,CS,,,
40.09966/Z,DISTRIBUCIONES GARAYALDE S.L,Zaragoza/CUARTE DE HUERVA,CS,,,
40.10039/Z,IBERDULCES ARAGON S.A,Zaragoza/CADRETE,CS,,,
40.10182/TE,CONGELADOS UTRILLAS S.A,Teruel/MONTALBAN,CS,,,
40.10282/TE,FRIGORIFICOS CERVERA S.L,Teruel/TERUEL,CS,,,
40.10292/Z,TRANSPORTES MONCAYO S.L,Zaragoza/ZARAGOZA,CS,,,
40.10379/TE,"DISTRIBUCIONES LEDESMA PASCUAL, S.L",Teruel/ALCAÑIZ,RW,,,
40.10424/TE,NALICO S.L,Teruel/TERUEL,CS,,,
40.10718/TE,CARPOMAR S.L,Teruel/SARRION,CS,,,
40.11005/Z,REPRESENTACIONES VIALCAR S.L,Zaragoza/ZARAGOZA,CS,,,
40.11450/Z,MOSLOCI S.L,Zaragoza/ZARAGOZA,CS,,,
40.11522/Z,SUPERMERCADOS SABECO S.A,Zaragoza/ZARAGOZA,CS,,,
40.11711/Z,"GALLEN ABARDIA,JOSE LUIS",Zaragoza/ZARAGOZA,CS,,,
40.12230/Z,BLASCOTRANS S.L.,Zaragoza/MUELA (LA),CS,,,
40.12661/TE,SANZ FERRER S.L,Teruel/ALCAÑIZ,CS,,,
40.12714/Z,SERVILINE FOODS S.L,Zaragoza/ZARAGOZA,CS,,,
40.12979/HU,"YUBERO FUERTES, S.L.",Huesca/HUESCA,CS,,,
40.13022/Z,JAHISIL S.L,Zaragoza/CARTUJA BAJA,CS,,,
40.13057/Z,FRIGORIFICOS ZARAGOZA S.A,Zaragoza/ZARAGOZA,CS,,,
40.13421/TE,DISTRIBUCIONES EDOSTER S.L,Teruel/TERUEL,CS,,,
40.14068/Z,FUNDACION BANCO DE ALIMENTOS DE ZARAGOZA,Zaragoza/ZARAGOZA,CS,,,
40.14610/HU,"ARTESANA DEL PIRINEO, S.L",Huesca/PUEBLA DE CASTRO (LA),CS,,,
15.03982/Z,VILLA VILLERA S.C,Zaragoza/ZARAGOZA,CS,,,
15.03990/Z,MILLÁN VICENTE S.L.U,Zaragoza/MUELA (LA),"CS, RW",,,
10.15091/TE,"CARACIERZOS, S.L",Teruel/SANTA EULALIA,"SH, CP, PP",A,MP,
40.15004/Z,PEDRO LUIS ALONSO FUENTES,Zaragoza/CASETAS,CS,,,
40.15144/HU,"FRUTAS BRUNED, S.L",Huesca/SABIÑANIGO,CS,,,
15.04079/Z,GALINDO S.C,Zaragoza/ARANDIGA,PP,,,
40.15270/Z,AB SERVICIOS SELECTA ESPAÑA S.L.U.,Zaragoza/SAN JUAN DE MOZARRIFAR,CS,,,
10.15308/TE,LA SERRANIA S.L,Teruel/MOSQUERUELA,PP,,MP,
40.15497/Z,DISTRIBUCIONES MOLASE S.L.,Zaragoza/ALFAJARIN,"CS, RW",,,
40.15664/HU,SANDUGEL S.L,Huesca/BARBASTRO,CS,,,
15.04217/HU,ANDRÉS BIELSA MIRÓ,Huesca/SARAVILLO,PP,,,
40.15770/TE,"ROKELIN, S.L.U.",Teruel/TERUEL,CS,,,
40.15989/TE,FERJO S.L,Teruel/ALCAÑIZ,CS,,,
40.16046/Z,"HERMANOS BERNAL HERNANDEZ, S.L.",Zaragoza/ZARAGOZA,CS,,,
15.04323/HU,"QUESOS DE RADIQUERO, SL",Huesca/ADAHUESCA,PP,,,
15.04361/TE,SANTA EULALIA GANADERA S.L,Teruel/SANTA EULALIA,PP,,,
10.16126/TE,JAMONES EL SABINAR S.L,Teruel/MATA DE LOS OLMOS (LA),PP,,MP,
12.12033/TE,SALAZONERAS ARAGONESAS S.L.,Teruel/ALBALATE DEL ARZOBISPO,"PP, FFP",,,
40.16570/HU,CONGELADOS LAS MELLIZAS S.L.,Huesca/HUESCA,CS,,,
40.16573/TE,LA SIBERIANA S.L,Teruel/ALCAÑIZ,CS,,,
10.16310/TE,CENTELLES Y BUJ S.L.,Teruel/ALBENTOSA,"CS, PP",,MP,
10.16311/TE,"CIBIJUAN, S.L.",Teruel/ANDORRA,"MM, MP, PP",,MP,
10.16312/TE,"JAMONES BRONCHALES, S.L",Teruel/BRONCHALES,"MM, MP, PP",,MP,
10.16339/TE,"INDUSTRIAS CARNICAS SANTA ELENA, S.L",Teruel/CALAMOCHA,"MM, MP, PP",,MP,
10.16340/TE,"JAMONES ALBARRACIN, S.L",Teruel/TERUEL,"CS, PP",,MP,
10.16383/HU,"VIDIBUNUM, S.L",Huesca/BERDUN,"CP, MM, MP, PP",,MP,
26.07032/Z,"AVES NOBLES Y DERIVADOS, S.L.",Zaragoza/ZARAGOZA,PP,,MP,
10.16425/TE,"CORP. AGROALIMENTARIA DEL JILOCA, S.A.",Teruel/CALAMOCHA,"CP, MM, MP, PP",,MP,
15.04468/Z,EL ACEBO DEL MONCAYO SOCIEDAD COOPERATIV,Zaragoza/TRASMOZ,PP,,,
10.16489/TE,JAMCAL ALIMENTACION S.A,Teruel/CALAMOCHA,PP,,MP,
40.16810/TE,"LOGISTICA TERDIBE, S.L.",Teruel/TERUEL,CS,,,
40.16874/HU,DISTRIBUIDORA BOSCH HERMANOS S.A.,Huesca/HUESCA,CS,,,
40.16968/TE,"ABIZANDA CASES, C.B.",Teruel/ALCAÑIZ,CS,,,
40.16997/TE,JOSE LUIS ESTEBAN BARDAVIO,Teruel/ALCAÑIZ,CS,,,
14.02239/Z,AVÍCOLA TORREJIRAUTA S.L.,Zaragoza/PEÑAFLOR,EPC,,,
15.04563/Z,ALEJANDRO DIARTE LOPEZ,Zaragoza/LANGA DEL CASTILLO,PP,,,
40.17108/Z,"GROUND FORCE CARGO, S.L.U.",Zaragoza/ZARAGOZA,CS,,,
10.16777/Z,FRIO LIMPIO DE ARAGON S.L,Zaragoza/ZUERA,"CS, CP",,,
10.16884/HU,MENUDOS BARBASTRO S.L,Huesca/POZAN DE VERO,PP,,MP,
40.17306/Z,FRIO LIMPIO DE ARAGON S.L,Zaragoza/ZUERA,CS,,,
40.17393/Z,"COMERCIAL COIMBRA, S.L",Zaragoza/PUEBLA DE ALFINDEN (LA),CS,,,
40.17394/Z,BENITO CIRUELOS FERNANDO,Zaragoza/ZARAGOZA,CS,,,
15.04691/TE,"QUESOS ARTESANOS LA VAL, SC",Teruel/MEZQUITA DE JARQUE,"CS, PP",,,
15.04707/HU,"QUESOS GUARA, S.L",Huesca/ALMUNIAS DE RODELLAR (LAS),PP,,,
40.17556/Z,CÁRNICAS GÁLLEGO S.A.,Zaragoza/VILLANUEVA DE GALLEGO,CS,,,
12.12925/Z,"MARESMAR, S.L.",Zaragoza/ZARAGOZA,"DC, FFP",,,
10.17116/TE,D.G.A SERVICIO PROVINCIAL DE MEDIO AMBIENTE,Teruel/ORIHUELA DEL TREMEDAL,GHE,"wU, wG",,
26.07380/Z,"ALIAGA UVIEDO, S.L.",Zaragoza/CUARTE DE HUERVA,PP,,MP,
40.17662/Z,"DISTRIBUCIONES FERCATUR, S.L.",Zaragoza/TARAZONA,CS,,,
10.17461/TE,JAMONES CASA DOMINGO S.L,Teruel/CALAMOCHA,PP,,MP,
10.17463/Z,"COMERCIAL PRODUCTOS PORCINOS SECUNDARIOS, S.A.",Zaragoza/ZUERA,"RW, CP, PP",,ST,
10.17543/TE,"CARTRYPORC, S.L.",Teruel/TERUEL,"CP, PP",,MP,
12.13395/Z,ALBERTO VARGAS S.L.,Zaragoza/ZARAGOZA,FFP,,,
40.18167/HU,"DERIVADOS CARNICOS MONEGROS, S.L",Huesca/SARIÑENA,"CS, RW",,,
40.18366/Z,"ALBACETE Y VICEN, S.L",Zaragoza/CALATAYUD,"CS, RW",,,
15.04905/TE,SOC. COOPERATIVA AGUILAR NUEVA VISION,Teruel/AGUILAR DEL ALFAMBRA,PP,,,
12.13746/Z,PESCADOS MAÑERO S.L,Zaragoza/TARAZONA,FFP,,,
40.18591/Z,"SEDOVIN, S.L",Zaragoza/PUEBLA DE ALFINDEN (LA),CS,,,
40.18592/HU,EMBUTIDOS ARTESANOS MELSA S.L,Huesca/GRAUS,RW,,,
10.17855/HU,"JAMONES ALTO ARAGON, S.A",Huesca/GRADO (EL),PP,,MP,
10.17858/Z,"BOPEPOR, S.L",Zaragoza/GALLUR,"SH, CP, PP",P,MP,
10.17868/Z,"JAMONES E. VELÁZQUEZ, S.A",Zaragoza/PUEBLA DE ALFINDEN (LA),PP,,MP,
40.18848/HU,PALLARES NADAL CARN NATURE S.L,Huesca/ALBELDA,CS,,,
40.18867/Z,EXCLUSIVAS PELAYO S.L,Zaragoza/CUARTE DE HUERVA,"CS, RW",,,
14.02383/Z,S.A.T. 1733 GRANJA SAN MIGUEL,Zaragoza/VILLARREAL DE HUERVA,EPC,,,
10.18362/HU,PALLARES NADAL CARN NATURE S.L.,Huesca/ALBELDA,"CP, MM, MP",,,
15.05132/TE,MATA VILLARROYA JOSÉ RAMÓN,Teruel/FRESNEDA (LA),PP,,,
15.05235/TE,"QUESOS ARTESANOS EL RODENO, S.L.",Teruel/RODENAS,PP,,,
14.02418/Z,"GRANJA BAILON, S.L.",Zaragoza/ALPARTIR,EPC,,,
40.19919/HU,"PIRENAICA DEL JAMON, S.A.",Huesca/BARBASTRO,CS,,,
15.05268/HU,AGROLACTEOS DE LA LITERA S.L.,Huesca/ALCAMPELL,PP,,,
10.19063/Z,"PROFESIONALES DE LA CARNE, S.L.",Zaragoza/VILLANUEVA DE GALLEGO,CP,,,
10.19119/Z,SAFIRA GLOBAL SERVICES S.L.,Zaragoza/ZARAGOZA,RW,,MP,
40.20586/Z,"KAIKU KM0, S.L.",Zaragoza/ZARAGOZA,CS,,,
40.20587/HU,"REPOSTERIA DEL SOMONTANO, S.L.",Huesca/ABIEGO,CS,,,
10.19171/TE,"JAMONES ""LOS ALCORES""",Teruel/GARGALLO,PP,,MP,
10.19200/Z,"CARNICAS LIFARA, S.L.",Zaragoza/EPILA,"CP, MM, MP, PP",,MP,
10.19227/TE,"COMERCIAL LOGISTICA DE CALAMOCHA, S.L.",Teruel/CALAMOCHA,"CS, RW, PP",,MP,
10.19366/Z,TRANSPORTES FRIGORIFICOS ZARAPECO S.L.,Zaragoza/ZARAGOZA,CS,,,
40.21008/Z,TRANSPORTES FRIGORIFICOS ZARAPECO S.L.,Zaragoza/ZARAGOZA,CS,,,
40.21009/Z,CAMPOMAR DISTRIBUCIONES Y LOGISTICA S.L.,Zaragoza/CUARTE DE HUERVA,"CS, RW",,,
40.21010/Z,COMERCIAL PORTAZGO 96 S.A.,Zaragoza/ZARAGOZA,CS,,,
12.15329/Z,ALSUAL S.L.,Zaragoza/CADRETE,PP,,,
12.15330/Z,GRUPO 92 DE ALIMENTACION S.L.,Zaragoza/ZUERA,PP,,,
10.19480/TE,"ESTEBAN ESPUÑA, S.A.",Teruel/UTRILLAS,"CS, RW, PP",,MP,
10.19506/TE,"BAPIMA, S.R.L.",Teruel/MANZANERA,PP,,MP,
10.19633/TE,INDUSTRIAS CARNICAS DE ELABORACION DE JAMONES Y EMBUTIDOS LOS TRES REYES DE FUENTESPALDA S.A.,Teruel/VALDERROBRES,"CP, MM, MP",,,
10.19711/Z,MAKRO AUTOSERVICIO MAYORISTA S.A.,Zaragoza/ZARAGOZA,CP,,,
15.05675/TE,QUESO ARTESANO DE TERUEL S.L.,Teruel/ALBARRACIN,"CS, PP",,,
40.21726/Z,"MORALES GARCÍA, JOSE MANUEL",Zaragoza/TARAZONA,CS,,,
40.21933/Z,CONGELADOS BALPER S.A.,Zaragoza/TARAZONA,CS,,,
15.05733/Z,"ARTAL FLETA, Mª LOURDES",Zaragoza/LETUX,PP,,,
40.22088/HU,"JAMONES ARNAL, S.L.",Huesca/BARBASTRO,CS,,,
40.22227/HU,"DISTRIB.JOSE MARÍA GALLEGO ESCOLANO, S.L",Huesca/SABIÑANIGO,CS,,,
12.16077/HU,COCEDERO DE MARISCOS S.A.,Huesca/FRAGA,"PP, FFP",,,
40.22350/HU,EMBUTIDOS AVENTIN S.A.,Huesca/GRAUS,"CS, RW",,,
40.22476/Z,BACALAOS ISLANDIA ROYCAJ S.L.,Zaragoza/CABAÑAS DE EBRO,"CS, RW",,,
40.22854/HU,"EBOCA VENDING LABS, S.A.",Huesca/CUARTE,CS,,,
40.22935/Z,"COMERCIAL LEON ZARAGOZA, S.L.",Zaragoza/ZARAGOZA,CS,,,
10.20492/TE,EMBUTIDOS FLOR DE VILLAHERMOSA,Teruel/PUERTOMINGALVO,PP,,MP,
40.23127/HU,"ANDRES FERRER E HIJOS, S.A.",Huesca/HUESCA,CS,,,
15.06052/HU,"LACTIUM FONZ, S.L.",Huesca/FONZ,PP,,,
40.23244/HU,VICENTE ARA ABADIAS,Huesca/SABIÑANIGO,CS,,,
10.20784/TE,"ANDORRANA DE JAMONES, S.L.",Teruel/ANDORRA,PP,,MP,
10.20793/Z,"INTERCAMBIOS DE DERIVADOS PORCINOS, S.L.",Zaragoza/ZUERA,"RW, PP",,MP,
10.20806/HU,"HERMANOS PLANA GIL, S.L.",Huesca/HUESCA,"MM, MP, PP",,MP,
40.23722/Z,"CRIADO GRUPO LOGISTICO, S.L.",Zaragoza/MUELA (LA),RW,,,
40.23814/Z,"EXCLUSIVAS BELL, S.L.",Zaragoza/CALCENA,CS,,,
40.23816/HU,ROBERTO ALBERO ICHART,Huesca/BINEFAR,CS,,,
40.24005/Z,LA PERA LIMONERA SL,Zaragoza/ZARAGOZA,CS,,,
40.24043/Z,HERMANOS RODRIGUEZ BARBANCHO S.L.,Zaragoza/MUELA (LA),"CS, RW",,,
15.06286/HU,CANTIN BALLESTIN MARIA ANGELES,Huesca/VILLANUA,PP,,,
40.24123/HU,CORPORACION ALIMENTARIA DE GUISSONA S.A,Huesca/HUESCA,RW,,,
12.17124/Z,MUÑOZ BAILO SA,Zaragoza/ZARAGOZA,"CS, PP, FFP",,,
10.21078/Z,"EMBUTIDOS LA DOLORES, S.L.",Zaragoza/CALATAYUD,"CS, MM, MP, PP",,MP,
10.21190/Z,SANCHO DE BORJA SL,Zaragoza/BORJA,PP,,,
40.24467/Z,SAN LAMBERTO 2000 S.L.,Zaragoza/CUARTE DE HUERVA,CS,,,
15.06402/HU,PRODUCTOS LACTEOS LOS VALLES S.L.,Huesca/ESPOSA,PP,,,
10.21331/Z,"PREPARADOS CARNICOS MARTIN, S.L.",Zaragoza/MUELA (LA),"MM, MP, PP",,MP,
40.24839/Z,GIMENEZ TORRELLAS CARLOS JAVIER,Zaragoza/ZARAGOZA,CS,,,
40.24983/Z,HERBA OPTIMA S.L.,Zaragoza/FUENDEJALON,CS,,,
16.03705/Z,"SOLUTEX GC, S.L.",Zaragoza/MALLEN,PP,,,
40.25229/Z,"DISTRIB. Y REPRESENTACIONES USIETO, S.A.",Zaragoza/ZARAGOZA,"CS, RW",,,
10.21739/Z,"COMERCIAL DE CARNES MILLENIUM, S.L.",Zaragoza/ZUERA,"CS, CP",,,
10.21779/HU,"CÁRNICAS OSCA, S.L.",Huesca/HUESCA,MSM,,,
40.25460/HU,"ALMACENES FRIGORÍFICOS SALAS, S.L.",Huesca/HUESCA,CS,,,
10.21878/HU,"ALMACENES FRIGORÍFICOS SALAS, S.L.",Huesca/HUESCA,CP,,,
40.25598/TE,"DON JATE, SA",Teruel/TERUEL,CS,,,
40.25697/HU,"CASA UBIETO, S.L.",Huesca/AYERBE,CS,,,
26.10645/Z,"CONSERVAS DE CARNES SELECTAS, S.L.",Zaragoza/MUELA (LA),PP,,MP,
10.22050/TE,MARÍA LUCÍA IBÁÑEZ FERRER,Teruel/FRESNEDA (LA),"CP, MM, MP, PP",,MP,
10.22101/TE,"PRODUCTOS ALIMENTICIOS PORCINOS, S.A.",Teruel/MATA DE LOS OLMOS (LA),"MM, MP, PP",,MP,
40.26053/Z,"TELETRANSPORTE ARAGÓN, S.L.",Zaragoza/ZARAGOZA,CS,,,
10.22158/Z,VALDEPOMER S.L.,Zaragoza/POMER,PP,,MP,
40.26065/Z,"PASTYBOLL, S.L.",Zaragoza/PINSEQUE,CS,,,
40.26092/Z,"DISTRIBUIDORA DE PRODUCTOS ALIMENTICIOS DE CALIDAD SUPERIOR, S.L.",Zaragoza/CUARTE DE HUERVA,CS,,,
40.26164/Z,"INTERNATIONAL CASING PRODUCTS, S.L.U.",Zaragoza/ZARAGOZA,"CS, RW",,,
12.18327/Z,"PESCADOS Y MARISCOS RODOLFO, S.A.",Zaragoza/ZARAGOZA,WM,,,
12.18328/Z,"PESCADOS GARPESCA, S.L.",Zaragoza/ZARAGOZA,WM,,,
12.18329/Z,ALCAPESA S.L.,Zaragoza/ZARAGOZA,WM,,,
40.26244/Z,"EXCLUSIVAS CENTRALIZADAS, S.L",Zaragoza/MUELA (LA),CS,,,
40.26444/TE,"JOSÉ GALO, S.L.",Teruel/TERUEL,CS,,,
40.26561/Z,OLANO LOGISTICA DEL MAR SL,Zaragoza/ZARAGOZA,CS,,,
40.26622/Z,"COMERCIAL PARA LA DISTRIBUCIÓN INTERNACIONAL DE TODO TIPO DE ARTÍCULOS, S.L.",Zaragoza/BURGO DE EBRO (EL),CS,,,
40.26623/Z,"INVERSIONES ECOLOGICAS ARAGON, S.L.",Zaragoza/CARTUJA BAJA,CS,,,
12.18570/HU,"VILAS AVENTIN, S.L.",Huesca/GRAUS,RW,,,
10.22534/Z,HERMANOS CASABONA TOLON S.L.L.,Zaragoza/VILLAFRANCA DE EBRO,"RW, MM, MP, PP",,MP,
15.06954/Z,"DISTRIBUCIONES LA ENCINA, S.C.",Zaragoza/CADRETE,RW,,,
40.26955/TE,"JAMONES BRONCHALES, S.L.",Teruel/BRONCHALES,CS,,,
40.26956/Z,"ALIMENTACIÓN EL PORTAL, S.A.",Zaragoza/MUELA (LA),CS,,,
40.27089/Z,TNT EXPRESS WORLDWIDE (SPAIN) S.L.,Zaragoza/SAN JUAN DE MOZARRIFAR,CS,,,
10.22727/TE,"JAMONES PASTOR, SL",Teruel/RUBIELOS DE MORA,SH,"P, C, O",,
40.27229/Z,"DISBOCA, S.L.",Zaragoza/EJEA DE LOS CABALLEROS,CS,,,
14.02750/HU,INTEROVO IBERICA S.L.U.,Huesca/CALLEN,PP,,,
10.22898/HU,GINAST S.C.P.,Huesca/GINASTE,CP,,,
12.19025/Z,"CALADERO, S.L.U",Zaragoza/ZARAGOZA,"PP, DC, FFP",,,
40.27533/Z,"ZARAGOZA TRATTORIA, S.L.",Zaragoza/ZARAGOZA,CS,,,
40.27535/Z,"SELECTOS DE ARAGÓN, S.L.",Zaragoza/ZARAGOZA,CS,,,
12.19237/Z,COPRINAL GF S.L,Zaragoza/CARTUJA BAJA,"RW, PP, FFP",,,
12.19253/Z,"SAIZ TEJERO, MARIA LAURA",Zaragoza/ZARAGOZA,PP,,,
40.27942/Z,"HUEVOS ALONSO, S.L.",Zaragoza/CASETAS,CS,,,
40.28274/Z,COVIRAN S.C.A.,Zaragoza/ZARAGOZA,CS,,,
40.28275/Z,"DISARAGON, S.L.",Zaragoza/ZARAGOZA,CS,,,
40.28353/Z,"HIMALAYA DISTRIBUCIÓN 2020, S.L.",Zaragoza/CUARTE DE HUERVA,CS,,,
10.23388/HU,"CARNES DEL CORRAL, S.L.",Huesca/POLEÑINO,"SH, CP",A,,
40.28635/Z,"HIJOS DE JOSÉ LOU, S.A.",Zaragoza/ZARAGOZA,CS,,,
40.28824/TE,"DISTRIBUCIONES ALCAÑIZ BAJO ARAGÓN, S.L.",Teruel/ALCAÑIZ,CS,,,
12.19738/Z,ELOY IGLESIAS DOMINGUEZ,Zaragoza/CARTUJA BAJA,FFP,,,
40.29192/Z,"MERCADONA, S.A.",Zaragoza/ZARAGOZA,CS,,,
40.29252/Z,FRANCISCO PEREZ MUÑOZ E HIJOS S.L.,Zaragoza/CALATAYUD,CS,,,
40.29291/Z,"GONZALEZ Y ROMERO AGROCARNE,S.L",Zaragoza/ARIZA,"CS, RW",,,
40.29318/Z,TRANS DUSAN SL,Zaragoza/MUELA (LA),CS,,,
40.29369/HU,JENNIFER ANDREA SASOT LOPEZ,Huesca/BALLOBAR,RW,,,
40.29494/Z,ANTONIO MORENO SINUES S.A,Zaragoza/MONTAÑANA,CS,,,
40.29499/HU,CARLOS SUBIRA DOZ,Huesca/TORRES DEL OBISPO,CS,,,
40.29561/Z,CENTRAL DE COMPRAS CAFER SL,Zaragoza/ZARAGOZA,CS,,,
15.07494/HU,"BIELSA MIRO, ANDRES",Huesca/GISTAIN,PP,,,
40.30248/TE,"DON JATE, S.A.",Teruel/TERUEL,CS,,,
14.02845/Z,S.A.T. 1733 GRANJA SAN MIGUEL,Zaragoza/MAINAR,EPC,,,
40.31225/Z,CALADERO S.L.,Zaragoza/ZARAGOZA,CS,,,
40.31389/Z,"IGLESIAS DOMINGUEZ, ELOY",Zaragoza/CARTUJA BAJA,CS,,,
40.31576/Z,AVICOLA MAINAR S.L.,Zaragoza/MONTAÑANA,CS,,,
40.31577/Z,EXCLUSIVAS J.M. S.C.,Zaragoza/ZARAGOZA,"CS, RW",,,
12.20137/Z,FELEZ ARTESANOS S.L.,Zaragoza/ZARAGOZA,PP,,,
40.32217/Z,ESTRADICION GROUP S.L.,Zaragoza/CUARTE DE HUERVA,CS,,,
40.32220/Z,"ORTAS ALBAS, S.L.",Zaragoza/ZARAGOZA,CS,,,
40.32223/HU,AM ANJABER 2018 S.L.,Huesca/HUESCA,CS,,,
40.32476/Z,LAGUARDIA ALONSO S.L.,Zaragoza/MUELA (LA),CS,,,
40.32477/Z,HEREDEROS DE PRIMITIVO AZNAR C.B.,Zaragoza/MUELA (LA),"CS, RW",,,
12.20185/Z,HELIX EXEA S.L.U.,Zaragoza/EJEA DE LOS CABALLEROS,PP,,SN,
40.33051/Z,UNION DE POLLEROS DE ARAGON S.L. UPASA,Zaragoza/ZARAGOZA,CS,,,
12.20218/TE,MACANA FISH S.L.,Teruel/SARRION,"PP, FFP",,,
10.24152/Z,"ARENTO INDUSTRIAS CÁRNICAS, S.L",Zaragoza/ZARAGOZA,"CP, MM, MP, PP",,MP,
40.34359/HU,COALIMENT ARAGON S.A.,Huesca/HUESCA,CS,,,
10.024225/HU,"CR DEL CINCA, S.L.",Huesca/ALBALATE DE CINCA,CP,,,
14.002873/Z,GRANJA VIRGEN DEL ROSARIO S.L.,Zaragoza/MAINAR,"RW, EPC",,,
10.024284/HU,CARNICERIA LAS TUCAS S.L.,Huesca/BENASQUE,"CP, MM, MP, PP",,MP,
40.040351/HU,"BODEGAS Y VIÑEDOS BALLABRIGA, S.L.",Huesca/BARBASTRO,CS,,,
5.000004/TE,"COMERCIAL LOGISTICA DE CALAMOCHA, S.L.",Teruel/CALAMOCHA,PP,,,
40.041081/TE,JAMONES MATA S.L.U.,Teruel/RUBIELOS DE MORA,CS,,,
14.002924/Z,MARIA CONCEPCION BARRAQUETA LAINEZ,Zaragoza/EPILA,EPC,,,
40.042660/Z,"TRADITIONAL RO, S.L.",Zaragoza/CADRETE,CS,,,
40.043241/HU,ASOCIACION BANCO DE ALIMENTOS DE HUESCA,Huesca/HUESCA,CS,,,
14.002938/Z,JOSÉ MIGUEL TEJERO MAGDALENA,Zaragoza/ALCALA DE EBRO,EPC,,,
15.007712/HU,"ALQUÉZAR RADIQUERO, S.L",Huesca/HUESCA,PP,,,
40.043582/TE,"DISBARAGON,S.C",Teruel/ALCAÑIZ,CS,,,
40.044033/TE,"LOGISTICA Y BEBIDAS DEL BAJO ARAGON, S.L.",Teruel/ALCAÑIZ,CS,,,
10.024719/TE,"JAMONES CERVERA, S.L.U",Teruel/MANZANERA,RW,,MP,
14.003003/HU,ANGEL CARLOS TAPIA BENABARRE,Huesca/MONZON,EPC,,,
14.003011/Z,"AVICOLA VENTA LAS CAÑADAS, S.L.",Zaragoza/MAINAR,EPC,,,
10.024992/HU,"ARTESANA DEL PIRINEO, S.L",Huesca/PUEBLA DE CASTRO (LA),"MM, MP, PP",,MP,
12.021183/Z,COME CARACOLES S.L.,Zaragoza/MONTAÑANA,PP,,SN,
12.021371/Z,"PESCADOS Y MARISCOS A BEIRAS DO MAR, S.L.U",Zaragoza/ZARAGOZA,WM,,,
10.025123/TE,"GANADOS ARTIGOT, SL",Teruel/CELLA,"SH, CP","C, O",,
40.049074/Z,"MILAGROS GREGORIO RODRIGUEZ, S.L",Zaragoza/ZARAGOZA,"CS, WM",,,
40.049548/Z,"PAESA FORTUN, MARIA LUISA",Zaragoza/ZARAGOZA,CS,,,
26.014940/Z,"ESCABECHADOS CASTEJON DE VALDEJASA, S.L.",Zaragoza/CASTEJON DE VALDEJASA,PP,,MP,
40.050029/TE,"GARPATER, S.L.",Teruel/TERUEL,CS,,,
40.050476/HU,"FRUTAS CALVO, S.L.",Huesca/HUESCA,CS,,,
40.050578/Z,INVERSA LOGISTICA AVANZADA S.L..,Zaragoza/CUARTE DE HUERVA,CS,,,
10.025298/HU,"CONEJOS ALTOARAGÓN, S.L.",Huesca/CALASANZ,"SH, CP, MM, MP",L,,
40.051579/Z,"INNOVA OBRADOR, S.L.",Zaragoza/SAN MATEO DE GALLEGO,CS,,,
40.051590/TE,"COMERCIAL LOGISTICA DE CALAMOCHA, S.L.",Teruel/CALAMOCHA,RW,,,
15.007930/Z,"GRUPO DELIFACTORY, S.L.",Zaragoza/UTEBO,PP,,,
40.051935/Z,"CONGELADOS ARIZA, S.L.",Zaragoza/ZARAGOZA,"CS, WM",,,
26.015473/Z,"INNOVA OBRADOR, S.L.",Zaragoza/SAN MATEO DE GALLEGO,PP,,MP,
10.025432/TE,"JAMONES ALBARRACIN, S.L.",Teruel/TERUEL,PP,,MP,
40.052062/TE,"INDUSTRIAS CARNICAS DE ELABORACION DE JAMONES Y EMBUTIDOS LOS TRES REYES DE FUENTESPALDA, S.A.",Teruel/VALDERROBRES,CS,,,
10.025510/Z,"INTERNATIONAL CASING PRODUCTS, S.L.U.",Zaragoza/ZARAGOZA,"CS, RW, CP, PP",,ST,
12.021901/Z,"NUESTRA PEZERA Y CIA, S.L.",Zaragoza/ZARAGOZA,WM,,,
40.054098/HU,"CARNICERÍA LAS TUCAS, S.L.",Huesca/CASTEJON DE SOS,CS,,,
10.025624/TE,"LIEP, S.C.",Teruel/TORRIJO DEL CAMPO,"MM, MP, PP",,"BL, MP",
40.054521/HU,SERVICIOS VENDING SIERRA MEDIANA S.L.,Huesca/MONZON,CS,,,
10.025665/TE,"RIJOMAVI, SL",Teruel/BRONCHALES,"CP, MM, MP, PP",,"BL, MP",
40.055287/Z,"DISTRIBUCIONES GASTRONÓMICAS ROBRES, S.L.",Zaragoza/PINSEQUE,CS,,,
15.008058/HU,TANO LITERA SC,Huesca/FRAGA,PP,,,
40.055487/Z,"HELADOS Y CONGELADOS JESAN, S.L.",Zaragoza/ZARAGOZA,CS,,,
14.003175/HU,FLUMENALI SLU,Huesca/GRAÑEN,"CS, EPC",,,
40.055612/HU,"FRUTAS TEJERO, S.L.",Huesca/MONZON,CS,,,
40.055615/Z,"WHITMORE WEST COMPANY, S.L.",Zaragoza/MUELA (LA),CS,,,
40.055981/HU,"FRUTAS GARANTO, S.C.",Huesca/MONZON,CS,,,
10.025795/Z,"INDUSTRIAS GOMEZ CALLAO, S.L.",Zaragoza/CASPE,"CS, CP, MM, MP",,,
14.003187/HU,FERRER FAUQUET SC,Huesca/ALBALATE DE CINCA,EPC,,,
15.008100/HU,ASOCIACION PARA EL DESARROLLO INTEGRAL DE LA CUNA DE ARAGON,Huesca/BIESCAS,PP,,,
10.025888/HU,ASOCIACIÓN PARA EL DESARROLLO INTEGRAL DE LA CUNA DE ARAGÓN,Huesca/JACA,"CP, MM, MP, PP",,MP,
40.057745/Z,"PREPARADOS CARNICOS MARTIN, S.L.",Zaragoza/MUELA (LA),CS,,,
26.016620/HU,ASOCIACIÓN PARA EL DESARROLLO INTEGRAL DE LA CUNA DE ARAGÓN,Huesca/JACA,PP,,MP,
14.003229/HU,"VILLAR MORLANS, MARIA PILAR",Huesca/GURREA DE GALLEGO,EPC,,,
10.026027/HU,"PALACÍN FILLAT, ALBERTO",Huesca/SAN JUAN DE PLAN,CP,,,
40.058311/HU,AB SERVICIOS SEDLECTA ESPAÑA S.L,Huesca/MONZON,CS,,,
10.026055/Z,"TRIPAS SAN MATEO, S.L.",Zaragoza/SAN MATEO DE GALLEGO,PP,,ST,
14.003262/Z,"NAVARRO RAMON, JUAN MANUEL",Zaragoza/BARDENAS,EPC,,,
40.060063/Z,DISTRIBUIDORA INTERNACIONAL DE ALIMENTACIÓN S.A.,Zaragoza/VILLANUEVA DE GALLEGO,CS,,,
15.008217/HU,JUAN VICENTE PORTER MICO,Huesca/CERLER,PP,,,
14.003289/TE,"ARMENGOD MARZO, MIGUEL ANGEL",Teruel/VILLEL,EPC,,,
26.017447/TE,"INNOVATION FOODS 360, SL",Teruel/VENTA DEL AIRE,PP,,,
40.062002/Z,"AEROSPACE CARGO LOGISTICS, S.L.U.",Zaragoza/GARRAPINILLOS,CS,,,
40.062396/HU,ROMERO Y MENDEZ S.L.,Huesca/HUESCA,CS,,,
40.062494/Z,"ALZAFRUT, S.L.",Zaragoza/ZARAGOZA,CS,,,
14.003307/Z,"LA CAÑADA DEL PINOSO PRODUCCIONES ALTERNATIVAS, S.L.",Zaragoza/ALMUNIA DE DOÑA GODINA (LA),EPC,,,
15.008288/Z,"LACTEOS TORRE DEL CONDE, S.L.",Zaragoza/PUEBLA DE ALFINDEN (LA),PP,,,
40.063473/TE,"PRODUCTOS CONGELADOS SELECTOS 3000, SL",Teruel/TERUEL,"CS, RW",,,
12.022916/Z,MARESMAR S.L.,Zaragoza/ZARAGOZA,WM,,,
12.022925/Z,"PESCADOS RUBEN, S.L.",Zaragoza/ZARAGOZA,WM,,,
12.022951/TE,PERLA DE SARRION SL,Teruel/SARRION,"PP, FFP",,,
10.026528/Z,PROFESIONALES DE LA CARNE S.L.,Zaragoza/VILLANUEVA DE GALLEGO,"RW, CP, MM, MP, PP",,"MP, ST",
40.064097/Z,PROFESIONALES DE LA CARNE S.L.,Zaragoza/VILLANUEVA DE GALLEGO,CS,,,
15.008318/TE,VERÓNICA VALENZUELA SANZ,Teruel/OJOS NEGROS,PP,,,
40.064639/Z,"AGRICOLA GIL, S.L.",Zaragoza/ZARAGOZA,CS,,,
40.064734/Z,"FRUTOS SANGROS, LUCIANO",Zaragoza/CUARTE DE HUERVA,RW,,,
15.008335/HU,IGNACIO ROBREDO BUCES,Huesca/ALMUDEVAR,PP,,,
10.026643/TE,"IDEAS GASTRONÓMICAS DEL ALTO HUERVA, S.L.",Teruel/LAGUERUELA,PP,,MP,
12.023135/Z,DISTRIBUCIONES RODRIGO S.A.,Zaragoza/ZARAGOZA,WM,,,
40.065786/Z,"FOODS FOR WALKING, S.L.",Zaragoza/CARTUJA BAJA,CS,,,
14.003385/Z,"LA CAÑADA DEL PINOSO PRODUCCIONES ALTERNATIVAS, S.L.",Zaragoza/RICLA,EPC,,,
12.023169/Z,"D'FAYA FOOD, S.L.U.",Zaragoza/EJEA DE LOS CABALLEROS,PP,,SN,
40.065834/HU,ANFER SELECCION SL,Huesca/BINEFAR,CS,,,
15.008381/HU,QUESERIA BALLIBIO SL,Huesca/SARVISE,PP,,,
14.003399/Z,"GRANJA VIRGEN DEL ROSARIO, S.L.",Zaragoza/MAINAR,EPC,,,
10.026809/HU,"VILAS AVENTIN, S.L.",Huesca/GRAUS,"CP, MM, MP, PP",,MP,
10.026849/HU,DE CAZA Y CONTROL S.L.,Huesca/HUESCA,"CP, GHE","wU, wG",,
40.068501/Z,"CONGELADOS ARTIES, S.A",Zaragoza/ZARAGOZA,CS,,,
40.068502/Z,MARÍA JOSÉ CONDE CONDE,Zaragoza/ZARAGOZA,CS,,,
40.068571/TE,"VALVERDE AIRESANO 1929, SLU",Teruel/PUEBLA DE VALVERDE (LA),CS,,,
40.068772/TE,"ESTEBAN ESPUÑA, S.A.",Teruel/UTRILLAS,RW,,,
10.027048/TE,PRISCO BALDOMERO S.L.,Teruel/MONREAL DEL CAMPO,"MM, MP, PP",,"BL, MP",
40.068840/HU,MARC RODRIGUEZ GARCIA,Huesca/BARBASTRO,"CS, RW",,,
40.069204/Z,"LA BATURRICA, S.L",Zaragoza/ZARAGOZA,RW,,,
40.069219/TE,FRIGORIFICOS LAYUNTA SL,Teruel/CALAMOCHA,CS,,,
14.003447/HU,AVICOLA SEVIL S.L.,Huesca/ADAHUESCA,EPC,,,
10.027094/Z,AGROALIMENTARIAS PALACIOS VELASCO S.L,Zaragoza/ZARAGOZA,"CS, CP",,,
10.027129/TE,"VIARCÍN PLATEA, SL",Teruel/TERUEL,RW,,MP,
12.023612/Z,MOWI IBERIA SLU,Zaragoza/ZARAGOZA,"RW, FFP",,,
40.069996/HU,"CABRERO E HIJOS, S.A.",Huesca/BINEFAR,"CS, RW",,,
15.008531/Z,ALBERTO BAILO PEREZ,Zaragoza/BIOTA,PP,,,
10.027224/Z,GANADOS REMIRO S.L,Zaragoza/EPILA,CS,,,
10.027244/Z,CARNICAS CARLOS GÓMEZ S.L.,Zaragoza/ZARAGOZA,CP,,,
15.008551/HU,MARIA BUENO GONZALEZ,Huesca/ARAGÜES DEL PUERTO,PP,,,
40.070755/TE,PEREZ GARGALLO S.L.,Teruel/MORA DE RUBIELOS,RW,,,
40.070764/TE,AB SERVICIOS SELECTA ESPAÑA S L U,Teruel/TERUEL,CS,,,
10.027284/HU,LITERA MEAT S.L.U.,Huesca/BINEFAR,"SH, CP, PP",P,ST,
14.003489/HU,PASA FABRICACION S.L.U.,Huesca/BALLOBAR,RW,,,
10.027413/HU,BALDANA ALIMENTACION Y GASTRONOMÍA S.L.,Huesca/BENASQUE,"CP, MM, MP, PP",,MP,
10.027435/HU,"COMERCIAL PINAMAS, S.L.",Huesca/PUEBLA DE CASTRO (LA),"CP, MM, MP",,,
